t:,0,xt:,20,20,20,0.00930458,-0.0467472,0.00798343u:,0,0,0
t:,1,xt:,20.265,18.5889,20.2291,0.00836291,-0.0473161,0.00728839u:,-0.01,-0.0067873,-0.01
t:,2,xt:,20.1952,16.9678,20.1373,-0.0030192,-0.0539534,-0.00340902u:,-0.01,-0.00455009,-0.01
t:,3,xt:,19.7796,15.2258,19.7246,-0.0146859,-0.0576115,-0.0140977u:,-0.00785062,-0.00271767,-0.0094391
t:,4,xt:,19.0761,13.4383,19.0084,-0.024359,-0.0588192,-0.024206u:,-0.00583498,-0.00125046,-0.00716096
t:,5,xt:,18.1421,11.666,18.0577,-0.0320686,-0.0580649,-0.0320074u:,-0.00403984,-0.0001076,-0.00516046
t:,6,xt:,17.031,9.95629,16.9335,-0.0379547,-0.0557878,-0.0377724u:,-0.00246507,0.000751746,-0.00342545
t:,7,xt:,15.792,8.34482,15.689,-0.042177,-0.0523766,-0.0417614u:,-0.00110625,0.00136721,-0.00194086
t:,8,xt:,14.469,6.85686,14.3701,-0.0449081,-0.0481699,-0.0442216u:,4.51123e-05,0.00177667,-0.000689573
t:,9,xt:,13.101,5.50888,13.0155,-0.046327,-0.043457,-0.0453844u:,0.0010003,0.00201538,0.000347008
t:,10,xt:,11.7218,4.30982,11.6579,-0.0466135,-0.0384814,-0.0454636u:,0.0017728,0.00211583,0.00118794
t:,11,xt:,10.3599,3.26253,10.3238,-0.0459439,-0.0334425,-0.0446555u:,0.00237783,0.00210724,0.00185287
t:,12,xt:,9.03899,2.36485,9.0346,-0.0444871,-0.0285001,-0.0431371u:,0.00283145,0.00201561,0.00236102
t:,13,xt:,7.77801,1.61079,7.80685,-0.0424024,-0.023778,-0.041067u:,0.00315036,0.00186362,0.00273121
t:,14,xt:,6.59158,0.991464,6.65293,-0.0398365,-0.0193679,-0.0385856u:,0.0033512,0.00167073,0.00298151
t:,15,xt:,5.49036,0.495934,5.58154,-0.0369226,-0.0153335,-0.0358155u:,0.00345028,0.00145328,0.00312895
t:,16,xt:,4.4815,0.111957,4.59822,-0.0337795,-0.0117149,-0.0328624u:,0.00346327,0.00122482,0.00318942
t:,17,xt:,3.569,-0.173398,3.7058,-0.0305115,-0.00853153,-0.0298165u:,0.00340508,0.000996112,0.00317764
t:,18,xt:,2.75423,-0.373245,2.90486,-0.0272076,-0.00578662,-0.026753u:,0.0032894,0.00077561,0.00310696
t:,19,xt:,2.03625,-0.500464,2.19409,-0.023943,-0.00346997,-0.0237342u:,0.00312888,0.000569602,0.00298953
t:,20,xt:,1.4123,-0.567381,1.57072,-0.020779,-0.00156116,-0.0208097u:,0.00293485,0.000382521,0.00283608
t:,21,xt:,0.878122,-0.585529,1.0308,-0.0177644,-3.211e-05,-0.0180185u:,0.0027174,0.000217201,0.00265612
t:,22,xt:,0.428334,-0.565478,0.569468,-0.0149363,0.00115049,-0.0153901u:,0.00248533,7.51418e-05,0.00245798
t:,23,xt:,0.0567196,-0.516723,0.181277,-0.0123212,0.00202325,-0.0129451u:,0.00224616,-4.32615e-05,0.00224873
t:,24,xt:,-0.243479,-0.447636,-0.139652,-0.00993647,0.00262432,-0.0106971u:,0.00200626,-0.000138485,0.00203444
t:,25,xt:,-0.479322,-0.365446,-0.399413,-0.0077913,0.00299204,-0.0086533u:,0.00177082,-0.000211686,0.00182012
t:,26,xt:,-0.657965,-0.276263,-0.604166,-0.00588804,0.00316378,-0.00681584u:,0.00154403,-0.00026452,0.00160992
t:,27,xt:,-0.786486,-0.185128,-0.760003,-0.00422329,0.00317511,-0.00518235u:,0.00132911,-0.000298987,0.00140711
t:,28,xt:,-0.871742,-0.0960822,-0.872847,-0.00278903,0.00305911,-0.00374703u:,0.00112844,-0.000317296,0.00121424
t:,29,xt:,-0.920258,-0.0122517,-0.948366,-0.00157356,0.00284595,-0.00250133u:,0.000943626,-0.000321751,0.0010332
t:,30,xt:,-0.938146,0.064061,-0.99191,-0.000562468,0.00256259,-0.0014346u:,0.000775651,-0.000314662,0.000865309
t:,31,xt:,-0.931039,0.131278,-1.00847,0.000260567,0.00223268,-0.000534734u:,0.000624931,-0.000298275,0.000711401
t:,32,xt:,-0.904058,0.188446,-1.00265,0.000913086,0.00187649,0.000211413u:,0.000491419,-0.000274703,0.000571881
t:,33,xt:,-0.861788,0.23514,-0.978636,0.00141321,0.00151106,0.000817525u:,0.000374696,-0.000245904,0.000446805
t:,34,xt:,-0.808278,0.27137,-0.940206,0.00177911,0.00115031,0.00129748u:,0.000274046,-0.000213634,0.000335942
t:,35,xt:,-0.747046,0.297495,-0.890724,0.00202863,0.000805248,0.00166506u:,0.000188523,-0.000179441,0.000238831
t:,36,xt:,-0.6811,0.31414,-0.833156,0.00217888,0.000484263,0.00193367u:,0.000117023,-0.000144656,0.000154832
t:,37,xt:,-0.612966,0.322127,-0.77008,0.00224599,0.000193367,0.0021162u:,5.83391e-05,-0.000110394,8.31681e-05
t:,38,xt:,-0.544721,0.322409,-0.703711,0.00224495,-6.35043e-05,0.00222483u:,1.12002e-05,-7.75571e-05,2.29664e-05
t:,39,xt:,-0.478031,0.316019,-0.635924,0.00218945,-0.000284201,0.00227094u:,-2.56804e-05,-4.68534e-05,-2.67051e-05
t:,40,xt:,-0.414192,0.304021,-0.568279,0.00209179,-0.000468074,0.00226504u:,-5.35696e-05,-1.88069e-05,-6.68118e-05
t:,41,xt:,-0.354171,0.28747,-0.502049,0.00196289,-0.000615709,0.00221672u:,-7.36971e-05,6.22464e-06,-9.83266e-05
t:,42,xt:,-0.298644,0.267385,-0.438248,0.00181227,-0.000728665,0.00213464u:,-8.72296e-05,2.80265e-05,-0.00012221
t:,43,xt:,-0.248042,0.244725,-0.377658,0.00164809,-0.000809247,0.00202653u:,-9.52526e-05,4.65094e-05,-0.000139395
t:,44,xt:,-0.202587,0.220367,-0.320858,0.00147723,-0.000860299,0.0018992u:,-9.87648e-05,6.16921e-05,-0.00015077
t:,45,xt:,-0.162327,0.195101,-0.268248,0.00130534,-0.00088502,0.00175861u:,-9.8665e-05,7.3678e-05,-0.000157178
t:,46,xt:,-0.127169,0.169617,-0.220074,0.00113699,-0.000886804,0.00160987u:,-9.57607e-05,8.26401e-05,-0.0001594
t:,47,xt:,-0.0969117,0.144508,-0.176453,0.00097574,-0.000869106,0.00145732u:,-9.07588e-05,8.88016e-05,-0.000158156
t:,48,xt:,-0.0712711,0.120263,-0.137394,0.000824244,-0.000835338,0.00130459u:,-8.42692e-05,9.24255e-05,-0.000154102
t:,49,xt:,-0.049904,0.097279,-0.102814,0.000684377,-0.000788774,0.00115464u:,-7.68106e-05,9.37952e-05,-0.000147827
t:,50,xt:,-0.0324289,0.0758589,-0.0725617,0.000557337,-0.000732486,0.00100984u:,-6.88166e-05,9.32078e-05,-0.000139856
t:,51,xt:,-0.0184437,0.0562231,-0.0464291,0.00044375,-0.000669296,0.000872038u:,-6.06411e-05,9.09617e-05,-0.000130653
t:,52,xt:,-0.00753958,0.0385157,-0.0241673,0.000343766,-0.000601738,0.000742605u:,-5.25662e-05,8.73485e-05,-0.000120618
t:,53,xt:,0.000686408,0.0228137,-0.00549841,0.000257152,-0.000532045,0.0006225u:,-4.48097e-05,8.26476e-05,-0.000110096
t:,54,xt:,0.00662262,0.009136,0.00987389,0.000183371,-0.000462139,0.000512328u:,-3.75322e-05,7.71205e-05,-9.9377e-05
t:,55,xt:,0.0106355,-0.00254764,0.0222552,0.000121663,-0.000393631,0.000412396u:,-3.08462e-05,7.10065e-05,-8.87033e-05
t:,56,xt:,0.0130645,-0.0123078,0.0319527,7.11012e-05,-0.000327838,0.000322756u:,-2.48214e-05,6.45217e-05,-7.82712e-05
t:,57,xt:,0.0142186,-0.0202469,0.0392694,3.06576e-05,-0.000265794,0.000243254u:,-1.94937e-05,5.7856e-05,-6.82373e-05
t:,58,xt:,0.0143748,-0.026492,0.0444987,-7.55199e-07,-0.000208273,0.00017357u:,-1.48702e-05,5.11736e-05,-5.87217e-05
t:,59,xt:,0.0137767,-0.0311871,0.0479205,-2.42415e-05,-0.000155816,0.000113251u:,-1.09353e-05,4.46133e-05,-4.98125e-05
t:,60,xt:,0.0126356,-0.0344874,0.0497985,-4.089e-05,-0.000108753,6.17505e-05u:,-7.6564e-06,3.82885e-05,-4.15704e-05
t:,61,xt:,0.0111311,-0.0365534,0.050378,-5.17482e-05,-6.72355e-05,1.84493e-05u:,-4.98805e-06,3.22899e-05,-3.40321e-05
t:,62,xt:,0.00941284,-0.0375466,0.0498845,-5.78031e-05,-3.12577e-05,-1.7315e-05u:,-2.87603e-06,2.66858e-05,-2.7214e-05
t:,63,xt:,0.007603,-0.0376254,0.048523,-5.99665e-05,-6.87334e-07,-4.62292e-05u:,-1.26111e-06,2.15251e-05,-2.11158e-05
t:,64,xt:,0.00579843,-0.0369418,0.0464778,-5.90664e-05,2.4711e-05,-6.89864e-05u:,-8.14474e-08,1.6839e-05,-1.57235e-05
t:,65,xt:,0.00407344,-0.0356393,0.0439129,-5.58413e-05,4.52524e-05,-8.62715e-05u:,7.24761e-07,1.26433e-05,-1.1012e-05
t:,66,xt:,0.00248248,-0.0338505,0.0409721,-5.09385e-05,6.13105e-05,-9.87501e-05u:,1.21764e-06,8.94046e-06,-6.94756e-06
t:,67,xt:,0.00106282,-0.0316965,0.0377805,-4.49152e-05,7.3298e-05,-0.000107058u:,1.45408e-06,5.72214e-06,-3.49051e-06
t:,68,xt:,-0.000162822,-0.0292856,0.034445,-3.82411e-05,8.16508e-05,-0.000111797u:,1.48676e-06,2.97075e-06,-5.96241e-07
t:,69,xt:,-0.00118379,-0.0267132,0.031056,-3.13043e-05,8.68129e-05,-0.000113525u:,1.3635e-06,6.61712e-07,1.78187e-06
t:,70,xt:,-0.00199922,-0.0240618,0.0276882,-2.44164e-05,8.92248e-05,-0.000112758u:,1.12677e-06,-1.23491e-06,3.6924e-06
t:,71,xt:,-0.00261592,-0.0214014,0.0244025,-1.782e-05,8.93136e-05,-0.000109965u:,8.13563e-07,-2.75275e-06,5.18372e-06
t:,72,xt:,-0.00304649,-0.0187898,0.0212469,-1.1696e-05,8.7485e-05,-0.00010557u:,4.55421e-07,-3.92788e-06,6.3039e-06
t:,73,xt:,-0.00330769,-0.0162739,0.0182584,-6.17116e-06,8.41177e-05,-9.99488e-05u:,7.85567e-08,-4.79734e-06,7.09889e-06
t:,74,xt:,-0.00341898,-0.0138899,0.0154639,-1.32565e-06,7.95592e-05,-9.34325e-05u:,-2.95766e-07,-5.39847e-06,7.61265e-06
t:,75,xt:,-0.0034013,-0.011665,0.0128818,2.79952e-06,7.41228e-05,-8.63096e-05u:,-6.50973e-07,-5.76763e-06,7.88655e-06
t:,76,xt:,-0.00327613,-0.00961769,0.0105228,6.19561e-06,6.80866e-05,-7.88274e-05u:,-9.74557e-07,-5.93998e-06,7.95915e-06
t:,77,xt:,-0.0030646,-0.00775951,0.00839169,8.87978e-06,6.16926e-05,-7.1195e-05u:,-1.25782e-06,-5.94844e-06,7.86565e-06
t:,78,xt:,-0.00278691,-0.0060956,0.00648779,1.08892e-05,5.51481e-05,-6.35864e-05u:,-1.49525e-06,-5.82369e-06,7.63815e-06
t:,79,xt:,-0.00246184,-0.00462587,0.00480627,1.22757e-05,4.86267e-05,-5.61434e-05u:,-1.68405e-06,-5.59375e-06,7.30545e-06
t:,80,xt:,-0.00210641,-0.00334592,0.00333889,1.31015e-05,4.22701e-05,-4.89787e-05u:,-1.82375e-06,-5.28384e-06,6.8931e-06
t:,81,xt:,-0.00173569,-0.00224792,0.00207481,1.34347e-05,3.61905e-05,-4.21791e-05u:,-1.91567e-06,-4.91624e-06,6.42352e-06
t:,82,xt:,-0.00136267,-0.00132141,0.00100125,1.33466e-05,3.04737e-05,-3.58088e-05u:,-1.96259e-06,-4.51047e-06,5.91618e-06
t:,83,xt:,-0.000998253,-0.000554003,0.000104111,1.29084e-05,2.5181e-05,-2.99117e-05u:,-1.96831e-06,-4.08315e-06,5.38768e-06
t:,84,xt:,-0.000651283,6.79637e-05,-0.000631536,1.21892e-05,2.03532e-05,-2.45149e-05u:,-1.9374e-06,-3.64836e-06,4.85203e-06
t:,85,xt:,-0.000328661,0.000558882,-0.00122099,1.12545e-05,1.60123e-05,-1.96308e-05u:,-1.87486e-06,-3.21756e-06,4.32082e-06
t:,86,xt:,-3.54749e-05,0.000933412,-0.00167958,1.01644e-05,1.21655e-05,-1.52599e-05u:,-1.78588e-06,-2.80006e-06,3.80346e-06
t:,87,xt:,0.000224827,0.00120609,-0.00202234,8.97346e-06,8.80673e-06,-1.13925e-05u:,-1.6757e-06,-2.40296e-06,3.30734e-06
t:,88,xt:,0.000450256,0.00139102,-0.00226381,7.72955e-06,5.91992e-06,-8.0111e-06u:,-1.54934e-06,-2.03158e-06,2.83813e-06
t:,89,xt:,0.000640086,0.0015016,-0.0024178,6.474e-06,3.4809e-06,-5.09209e-06u:,-1.41158e-06,-1.68957e-06,2.39992e-06
t:,90,xt:,0.000794657,0.00155039,-0.0024973,5.24145e-06,1.45957e-06,-2.60725e-06u:,-1.2668e-06,-1.37919e-06,1.99549e-06
